{"cameraMode":{"drawMode":0,"name":"Shaded","section":"Shading Mode"},"sceneLighting":true,"audioPlay":false,"sceneViewState":{"showFog":true,"showMaterialUpdate":false,"showSkybox":false,"showFlares":true,"showImageEffects":true,"showParticleSystems":true},"in2DMode":false,"pivot":{"x":-4.2468366622924809,"y":2.8100168704986574,"z":9.994369506835938},"rotation":{"x":-0.07007214426994324,"y":0.9256076216697693,"z":-0.21244646608829499,"w":-0.3052980899810791},"size":11.221490859985352,"orthographic":false}