{"cameraMode":{"drawMode":0,"name":"Shaded","section":"Shading Mode"},"sceneLighting":true,"audioPlay":false,"sceneViewState":{"showFog":true,"showMaterialUpdate":false,"showSkybox":true,"showFlares":true,"showImageEffects":true,"showParticleSystems":true},"in2DMode":false,"pivot":{"x":9.015323638916016,"y":-2.069507598876953,"z":0.1613902747631073},"rotation":{"x":-0.04312226548790932,"y":-0.9532500505447388,"z":0.1646135300397873,"w":-0.24971406161785127},"size":11.555811882019043,"orthographic":false}